{
  "definitions": {},
  "$schema": "",
  "$id": "http://example.com/root.json",
  "type": "array",
  "title": "Camera trap MegaDB sequences table schema",
  "description": "Table storing information on each dataset to record access level and data location.",
  "default": null,
  "items": {
    "$id": "#/items",
    "type": "object",
    "title": "Dataset object",
    "default": null,
    "required": [
      "access",
      "container",
      "container_sas_key",
      "dataset_name",
      "path_prefix",
      "storage_account"
    ],
    "properties": {
      "access": {
        "$id": "#/items/properties/access",
        "type": "array",
        "title": "Allowed access tags",
        "items": {
          "$id": "#/items/properties/access/items",
          "type": "string",
          "title": "Access allowed; can have multiple",
          "default": "",
          "examples": [
            "internal",
            "public"
          ],
          "pattern": "^(.+)$"
        }
      },
      "comment": {
        "$id": "#/items/properties/comment",
        "type": "string",
        "title": "Comment on a dataset",
        "default": "",
        "examples": [
          "Day and night images of humans."
        ],
        "pattern": "^(.*)$"
      },
      "container": {
        "$id": "#/items/properties/container",
        "type": "string",
        "title": "Name of the storage container where the data is located",
        "default": "",
        "examples": [
          "peaceparks"
        ],
        "pattern": "^(.+)$"
      },
      "container_sas_key": {
        "$id": "#/items/properties/container_sas_key",
        "type": "string",
        "title": "SAS query string for the container, with read and list privileges.",
        "default": "",
        "examples": [
          "?se=2021-01-01T07%3A59%3A00Z&sp=rl&sv=2018-03-28&sr=c&sig=a_long_string"
        ],
        "pattern": "^(.+)$"
      },
      "dataset_name": {
        "$id": "#/items/properties/dataset_name",
        "type": "string",
        "title": "name of the dataset",
        "examples": [
          "peaceparks_201908_humans",
          "idfg"
        ],
        "pattern": "^(.+)$"
      },
      "path_prefix": {
        "$id": "#/items/properties/path_prefix",
        "type": "string",
        "title": "prefix to prepend to the file field in the image objects to locate the image from the container root",
        "default": "",
        "examples": [
          "201908_humans",
          "SER"
        ],
        "pattern": "^(.*)$"
      },
      "storage_account": {
        "$id": "#/items/properties/storage_account",
        "type": "string",
        "title": "the Azure storage account where the data is stored",
        "default": "",
        "examples": [
          "wildlifeblobssc"
        ],
        "pattern": "^(.*)$"
      }
    }
  }
}
