[
  {
    "dataset": "caltech",
    "seq_id": "6f8696a3-5567-11e8-b69a-dca9047ef277",
    "location": "33",
    "rights_holder": "Jane Smith",
    "images": [
      {
        "frame_num": 1,
        "datetime": "2012-05-21 04:58:05",
        "file": "5a0e3552-23d2-11e8-a6a3-ec086b02610b.jpg"
      },
      {
        "frame_num": 2,
        "datetime": "2012-05-21 04:58:06",
        "file": "5a14a5bc-23d2-11e8-a6a3-ec086b02610b.jpg"
      },
      {
        "frame_num": 3,
        "datetime": "2012-05-21 04:58:07",
        "file": "5a21775a-23d2-11e8-a6a3-ec086b02610b.jpg"
      }
    ],
    "class": [
      "melomys sp. or rodent"
    ]
  },
  {
    "dataset": "caltech",
    "seq_id": "6f3ca3dc-5567-11e8-8ec5-dca9047ef277",
    "location": "26",
    "rights_holder": "Erin Jones",
    "images": [
      {
        "frame_num": 1,
        "datetime": "2014-05-12 13:11:07",
        "file": "59ddc15a-23d2-11e8-a6a3-ec086b02610b.jpg",
        "bbox": []
      }
    ],
    "class": [
      "empty"
    ]
  },
  {
    "dataset": "caltech",
    "seq_id": "66ff9ef3d-5567-11e8-9654-dca9047ef277",
    "location": "26",
    "rights_holder": "Erin Jones",
    "images": [
      {
        "frame_num": 1,
        "datetime": "2014-05-12 13:11:07",
        "file": "586c8734-23d2-11e8-a6a3-ec086b02610b.jpg",
        "bbox": [
          {
            "category": "animal",
            "bbox": [
              0.739,
              0.448,
              0.187,
              0.198
            ]
          },
          {
            "category": "animal",
            "bbox": [
              0,
              0.347,
              0.283,
              0.454
            ]
          }
        ]
      }
    ],
    "class": [
      "storm's stork",
      "meliphagidae sp."
    ]
  },
  {
    "dataset": "nacti",
    "seq_id": "dummy_000001",
    "location": "Archbold, FL",
    "study": "FL",
    "images": [
      {
        "file": "part1/sub166/FL-09_06_02_2016_FL-09_0069734.JPG",
        "class": [
          "red deer",
          "bird",
          "euro, common wallaroo"
        ]
      }
    ]
  },
  {
    "dataset": "rspb_gola",
    "seq_id": "dummy_00000245",
    "location": "P1158__C18",
    "images": [
      {
        "file": "P1158/C18/P1158__C18__2011-06-24__15-25-35(15).JPG",
        "bbox": [
          {
            "category": "person",
            "bbox": [
              0.98,
              0.438,
              0.0175,
              0.413
            ]
          }
        ],
        "class": [
          "car-cow-people"
        ]
      }
    ]
  },
  {
    "dataset": "ss_s7",
    "seq_id": "ASG000qvqd",
    "location": "K10",
    "datetime": "2012-09-30 13:14:39",
    "season": "S7",
    "interacting": 0,
    "has_young": 1,
    "count": 3,
    "images": [
      {
        "frame_num": 1,
        "file": "S5/I12/I12_R3/S5_K10_R2_IMAG1224.JPG",
        "bbox": [
          {
            "category": "animal",
            "bbox": [
              0.234,
              0.567,
              0.115,
              0.239
            ]
          }
        ]
      },
      {
        "frame_num": 2,
        "file": "S5/I12/I12_R3/S5_K10_R2_IMAG1225.JPG",
        "bbox": [
          {
            "category": "animal",
            "bbox": [
              0.234,
              0.567,
              0.164,
              0.341
            ]
          }
        ]
      },
      {
        "frame_num": 3,
        "file": "S5/I12/I12_R3/S5_K10_R2_IMAG1226.JPG",
        "bbox": [
          {
            "category": "animal",
            "bbox": [
              0.234,
              0.567,
              0.268,
              0.362
            ]
          },
          {
            "category": "animal",
            "bbox": [
              0.734,
              0.267,
              0.015,
              0.043
            ]
          }
        ]
      }
    ],
    "class": [
      "lioncub",
      "lionfemale"
    ]
  }
]