{
  "definitions": {},
  "$schema": "http://json-schema.org/draft-07/schema#",
  "type": "array",
  "title": "Camera trap MegaDB sequences table schema",
  "description": "Table storing all labels and metadata associated with each image sequence.",
  "items": {
    "$id": "#/items",
    "type": "object",
    "title": "Sequence is the top level object stored in the outmost array",
    "required": [
      "dataset",
      "seq_id",
      "images"
    ],
    "properties": {
      "dataset": {
        "$id": "#/items/properties/dataset",
        "type": "string",
        "title": "Dataset to which the Sequence belongs.",
        "description": "This is the partition key of the DB",
        "default": null,
        "examples": [
          "caltech",
          "rspb_gola",
          "peaceparks_201908_humans"
        ],
        "minLength": 3,
        "pattern": "^(.*)$"
      },
      "seq_id": {
        "$id": "#/items/properties/seq_id",
        "type": "string",
        "title": "ID of the sequence. Starts with \"dummy\" if we have no information on sequences.",
        "description": "This is unique within a Dataset. Not used as the ID for the item in the DB - the DB assigns one",
        "default": null,
        "examples": [
          "6f8696a3-5567-11e8-b69a-dca9047ef277",
          "dummy_340987183457814"
        ],
        "minLength": 1,
        "pattern": "^(.*)$"
      },
      "location": {
        "$id": "#/items/properties/location",
        "type": [
          "object",
          "string",
          "integer"
        ],
        "title": "Camera location",
        "description": "Training and validation splits are based on location. Highly recommend that sequences include the location information.",
        "default": null,
        "examples": [
          "33",
          "P1158__C18"
        ],
        "pattern": "^(.*)$"
      },
      "rights_holder": {
        "$id": "#/items/properties/rights_holder",
        "type": "string",
        "examples": [
          "Jane Smith"
        ],
        "pattern": "^(.*)$"
      },
      "images": {
        "$id": "#/items/properties/images",
        "type": "array",
        "title": "Images belonging to this Sequence",
        "description": "",
        "minItems": 1,
        "items": {
          "$id": "#/items/properties/images/items",
          "type": "object",
          "title": "An Image in this Sequence",
          "properties": {
            "frame_num": {
              "$id": "#/items/properties/images/items/properties/frame_num",
              "type": "integer",
              "title": "Position of this Image in the Sequence. Starts at 1",
              "examples": [
                0, 1, 4
              ],
              "minimum": 0
            },
            "datetime": {
              "$id": "#/items/properties/images/items/properties/datetime",
              "type": "string",
              "title": "Datetime timestamp of the image",
              "examples": [
                "2012-05-21 04:58:05"
              ],
              "pattern": "^(.*)$"
            },
            "file": {
              "$id": "#/items/properties/images/items/properties/file",
              "type": "string",
              "title": "Path to the image file from the path_prefix of this dataset",
              "examples": [
                "P1158/C18/P1158__C18__2011-06-24__15-25-35(15).JPG"
              ],
              "pattern": "^(.+)(.jpg|.JPG|.jpeg|.JPEG|.bmp|.avi|.tif)$"
            },
            "class": {
              "$id": "#/properties/images/items/properties/class",
              "type": "array",
              "title": "Image-level class label",
              "minItems": 1,
              "uniqueItems": true,
              "items": {
                "$id": "#/properties/images/items/properties/class/items",
                "type": "string",
                "title": "An Image-level class label. Use 'empty' for sequences that are empty of objects of interest; use '__label_unavailabl' if unlabeled.",
              "examples": [
                "raccoon",
                "lionfemale",
                "bird",
                "storm's stork",
                "white-headed langur",
                "unidentified",
                "__label_unavailable",
                "empty"
              ],
                "pattern": "^[a-z0-9_][ a-z0-9_\\-'.,]*[a-z0-9.]$"
              }
            },
            "bbox": {
              "$id": "#/properties/images/items/properties/bbox",
              "type": "array",
              "title": "Bounding boxes on this image",
              "items": {
                "$id": "#/properties/images/items/properties/bbox/items",
                "type": "object",
                "title": "A bounding box annotation",
                "required": [
                  "category",
                  "bbox"
                ],
                "properties": {
                  "category": {
                    "$id": "#/properties/images/items/properties/bbox/items/properties/category",
                    "type": "string",
                    "enum": [
                      "animal",
                      "person",
                      "vehicle",
                      "group"
                    ],
                    "title": "Category assigned to the bounding box",
                    "examples": [
                      "animal",
                      "person",
                      "vehicle",
                      "group"
                    ],
                    "pattern": "^(.*)$"
                  },
                  "bbox": {
                    "$id": "#/properties/images/items/properties/bbox/items/properties/bbox",
                    "type": "array",
                    "title": "Relative coordinates of the bounding box, in x_min, y_min, width, height",
                    "maxItems": 4,
                    "minItems": 4,
                    "items": {
                      "$id": "#/properties/images/items/properties/bbox/items/properties/bbox/items",
                      "type": "number",
                      "title": "Relative coordinate",
                      "examples": [
                        0.739,
                        0.448,
                        0.187,
                        0.198
                      ],
                      "minimum": 0.0,
                      "maximum": 1.0
                    }
                  }
                }
              }
            }
          },
          "required": [
            "file"
          ]
        }
      },
      "class": {
        "$id": "#/items/properties/class",
        "type": "array",
        "title": "Sequence-level class label",
        "default": null,
        "minItems": 1,
        "uniqueItems": true,
        "items": {
          "$id": "#/items/properties/class/items",
          "type": "string",
          "title": "A Sequence-level class label. Use 'empty' for sequences that are empty of objects of interest; use '__label_unavailabl' if unlabeled.",
          "examples": [
            "raccoon",
            "lionfemale",
            "bird",
            "storm's stork",
            "white-headed langur",
            "unidentified",
            "__label_unavailable",
            "empty"
          ],
          "pattern": "^[a-z0-9_][ a-z0-9_\\-'.,]*[a-z0-9.]$"
        }
      }
    }
  }
}
